DTXSID	split	cv_fold_C1e
DTXSID0020151	train	fold3
DTXSID0020319	train	fold1
DTXSID0020365	train	fold0
DTXSID0020440	train	fold1
DTXSID0020442	train	fold1
DTXSID0020573	train	fold0
DTXSID0020814	test	
DTXSID0021094	train	fold2
DTXSID0021125	train	fold3
DTXSID0021127	train	fold4
DTXSID0021206	test	
DTXSID0021333	train	fold2
DTXSID0021339	test	
DTXSID0021385	train	fold4
DTXSID0021389	train	fold3
DTXSID0021460	train	fold0
DTXSID0021464	train	fold2
DTXSID0021626	train	fold0
DTXSID0021832	train	fold0
DTXSID0021961	train	fold3
DTXSID0021969	train	fold1
DTXSID0022018	test	
DTXSID0022353	train	fold4
DTXSID0022436	train	fold2
DTXSID0022480	train	fold0
DTXSID0022777	train	fold1
DTXSID0023113	train	fold1
DTXSID0023371	train	fold1
DTXSID0023581	train	fold0
DTXSID0023878	train	fold2
DTXSID0023907	train	fold2
DTXSID0023951	train	fold3
DTXSID0024266	train	fold0
DTXSID0024638	train	fold4
DTXSID0025101	train	fold0
DTXSID0025234	train	fold3
DTXSID0025523	train	fold0
DTXSID0025571	train	fold0
DTXSID0025737	train	fold1
DTXSID0025812	train	fold2
DTXSID0025864	train	fold2
DTXSID0025991	train	fold0
DTXSID0026098	train	fold1
DTXSID0026171	train	fold4
DTXSID0026252	train	fold4
DTXSID0026838	train	fold2
DTXSID0026915	test	
DTXSID0027014	test	
DTXSID0027721	train	fold2
DTXSID0027771	train	fold2
DTXSID0027773	test	
DTXSID0028038	train	fold2
DTXSID0029262	train	fold3
DTXSID0032029	train	fold4
DTXSID0032316	train	fold0
DTXSID0032493	train	fold0
DTXSID0032497	train	fold1
DTXSID0032520	train	fold1
DTXSID0032601	train	fold0
DTXSID0032651	train	fold3
DTXSID0034192	test	
DTXSID0034300	train	fold1
DTXSID0034518	train	fold3
DTXSID0034776	train	fold0
DTXSID0034803	train	fold0
DTXSID0037237	train	fold1
DTXSID0037495	train	fold1
DTXSID0037522	train	fold3
DTXSID0037730	train	fold1
DTXSID0037734	train	fold2
DTXSID0038887	train	fold3
DTXSID0039223	test	
DTXSID0040707	train	fold2
DTXSID0041274	train	fold4
DTXSID0041357	train	fold2
DTXSID0041359	train	fold0
DTXSID0041567	train	fold2
DTXSID0041985	train	fold0
DTXSID0042084	train	fold3
DTXSID0042086	train	fold2
DTXSID0042169	train	fold3
DTXSID0042248	train	fold0
DTXSID0042379	train	fold4
DTXSID0044367	test	
DTXSID0044525	train	fold3
DTXSID0044571	train	fold0
DTXSID0044860	train	fold0
DTXSID0044862	train	fold2
DTXSID0044993	train	fold2
DTXSID0046989	train	fold1
DTXSID0047111	train	fold4
DTXSID0047163	train	fold3
DTXSID0047246	train	fold3
DTXSID0047290	train	fold1
DTXSID0047294	train	fold4
DTXSID0047325	train	fold4
DTXSID0047371	train	fold4
DTXSID0047377	train	fold4
DTXSID0047379	train	fold4
DTXSID0047533	train	fold4
DTXSID0047741	train	fold2
DTXSID0047957	train	fold4
DTXSID0048183	train	fold0
DTXSID0048185	train	fold4
DTXSID0048189	train	fold4
DTXSID0048507	train	fold0
DTXSID1020063	train	fold1
DTXSID1020069	train	fold0
DTXSID1020142	train	fold4
DTXSID1020148	train	fold4
DTXSID1020221	train	fold2
DTXSID1020223	train	fold0
DTXSID1020433	train	fold1
DTXSID1020439	train	fold1
DTXSID1020485	train	fold1
DTXSID1020510	train	fold2
DTXSID1020560	test	
DTXSID1020699	train	fold2
DTXSID1020770	train	fold2
DTXSID1020807	train	fold4
DTXSID1020855	train	fold0
DTXSID1020930	train	fold4
DTXSID1021031	train	fold3
DTXSID1021166	train	fold2
DTXSID1021243	train	fold4
DTXSID1021247	train	fold2
DTXSID1021299	train	fold4
DTXSID1021322	train	fold2
DTXSID1021372	train	fold2
DTXSID1021790	train	fold1
DTXSID1021871	train	fold0
DTXSID1021952	train	fold4
DTXSID1021956	train	fold4
DTXSID1022053	train	fold1
DTXSID1022217	train	fold3
DTXSID1022267	test	
DTXSID1022394	test	
DTXSID1022396	test	
DTXSID1022479	train	fold1
DTXSID1022508	train	fold2
DTXSID1023817	test	
DTXSID1023869	train	fold1
DTXSID1023990	train	fold1
DTXSID1023998	train	fold4
DTXSID1024091	train	fold2
DTXSID1024124	train	fold3
DTXSID1024126	test	
DTXSID1025017	train	fold2
DTXSID1025148	train	fold0
DTXSID1025221	train	fold2
DTXSID1025485	train	fold3
DTXSID1025560	test	
DTXSID1025805	train	fold2
DTXSID1025809	train	fold2
DTXSID1025857	train	fold1
DTXSID1025930	train	fold3
DTXSID1026031	test	
DTXSID1026081	train	fold2
DTXSID1026900	test	
DTXSID1027134	train	fold2
DTXSID1027390	train	fold4
DTXSID1027429	test	
DTXSID1027479	train	fold0
DTXSID1027500	test	
DTXSID1027633	train	fold3
DTXSID1027635	test	
DTXSID1027926	train	fold4
DTXSID1032484	train	fold0
DTXSID1032513	train	fold0
DTXSID1032569	train	fold3
DTXSID1032640	train	fold4
DTXSID1032642	train	fold3
DTXSID1032646	train	fold1
DTXSID1032648	train	fold3
DTXSID1033161	test	
DTXSID1033371	test	
DTXSID1033664	test	
DTXSID1034181	train	fold4
DTXSID1034187	train	fold4
DTXSID1034212	train	fold2
DTXSID1035783	train	fold2
DTXSID1036541	test	
DTXSID1038298	train	fold2
DTXSID1038666	train	fold3
DTXSID1040112	train	fold2
DTXSID1040320	train	fold1
DTXSID1040372	train	fold0
DTXSID1040611	train	fold3
DTXSID1040619	train	fold3
DTXSID1040742	test	
DTXSID1040792	train	fold1
DTXSID1041188	train	fold3
DTXSID1041267	train	fold2
DTXSID1041502	train	fold3
DTXSID1041681	train	fold1
DTXSID1041683	train	fold0
DTXSID1041970	train	fold4
DTXSID1041978	train	fold0
DTXSID1042154	train	fold3
DTXSID1042441	train	fold3
DTXSID1042499	train	fold4
DTXSID1044481	test	
DTXSID1044487	test	
DTXSID1044514	train	fold4
DTXSID1044851	train	fold4
DTXSID1044936	test	
DTXSID1044982	train	fold1
DTXSID1046970	train	fold0
DTXSID1047102	train	fold4
DTXSID1047108	test	
DTXSID1047281	train	fold0
DTXSID1047283	train	fold0
DTXSID1047310	train	fold4
DTXSID1047360	train	fold1
DTXSID1047362	train	fold3
DTXSID1047366	train	fold4
DTXSID1047368	train	fold4
DTXSID1047447	train	fold3
DTXSID1048170	train	fold4
DTXSID1048174	train	fold3
DTXSID1048178	train	fold4
DTXSID1048209	train	fold3
DTXSID2020137	train	fold2
DTXSID2020212	train	fold3
DTXSID2020266	train	fold2
DTXSID2020420	train	fold3
DTXSID2020688	train	fold2
DTXSID2020894	train	fold3
DTXSID2021028	train	fold4
DTXSID2021105	train	fold1
DTXSID2021151	train	fold4
DTXSID2021367	train	fold4
DTXSID2021575	test	
DTXSID2021577	test	
DTXSID2021650	test	
DTXSID2021735	test	
DTXSID2021781	train	fold4
DTXSID2021864	train	fold0
DTXSID2021947	test	
DTXSID2021993	train	fold2
DTXSID2021995	train	fold3
DTXSID2022048	test	
DTXSID2022123	test	
DTXSID2022127	train	fold4
DTXSID2022171	test	
DTXSID2022331	train	fold1
DTXSID2022381	train	fold0
DTXSID2022678	train	fold0
DTXSID2022880	test	
DTXSID2023016	test	
DTXSID2023224	train	fold1
DTXSID2023430	train	fold3
DTXSID2023569	train	fold4
DTXSID2023723	test	
DTXSID2023775	train	fold3
DTXSID2024086	test	
DTXSID2024163	train	fold3
DTXSID2024242	train	fold0
DTXSID2024458	train	fold2
DTXSID2024585	train	fold1
DTXSID2025395	train	fold4
DTXSID2025478	test	
DTXSID2025505	train	fold2
DTXSID2025680	train	fold2
DTXSID2025842	test	
DTXSID2025892	train	fold2
DTXSID2026232	train	fold1
DTXSID2026496	train	fold3
DTXSID2026523	train	fold2
DTXSID2026525	train	fold3
DTXSID2026529	train	fold3
DTXSID2026739	test	
DTXSID2026943	test	
DTXSID2027204	test	
DTXSID2027206	test	
DTXSID2027466	test	
DTXSID2029246	test	
DTXSID2029298	test	
DTXSID2029874	train	fold3
DTXSID2032344	train	fold3
DTXSID2032348	train	fold0
DTXSID2032390	train	fold1
DTXSID2032398	train	fold1
DTXSID2032421	test	
DTXSID2032550	train	fold3
DTXSID2032554	train	fold1
DTXSID2032558	train	fold0
DTXSID2033314	train	fold3
DTXSID2034598	train	fold1
DTXSID2034700	train	fold1
DTXSID2035481	train	fold3
DTXSID2036112	train	fold2
DTXSID2036588	train	fold2
DTXSID2036827	train	fold1
DTXSID2037712	train	fold2
DTXSID2037714	train	fold2
DTXSID2038732	test	
DTXSID2038788	test	
DTXSID2040363	train	fold0
DTXSID2040787	train	fold2
DTXSID2041206	train	fold4
DTXSID2041622	train	fold4
DTXSID2041759	test	
DTXSID2042220	train	fold0
DTXSID2042276	train	fold1
DTXSID2044391	train	fold1
DTXSID2044395	test	
DTXSID2044507	train	fold4
DTXSID2044844	test	
DTXSID2044890	train	fold1
DTXSID2044971	train	fold4
DTXSID2045072	train	fold1
DTXSID2045076	train	fold2
DTXSID2045232	train	fold1
DTXSID2047191	train	fold3
DTXSID2047272	train	fold4
DTXSID2047278	train	fold0
DTXSID2047303	train	fold0
DTXSID2047307	train	fold4
DTXSID2047351	train	fold4
DTXSID2047353	train	fold4
DTXSID2047357	train	fold4
DTXSID2047569	train	fold3
DTXSID3020043	train	fold0
DTXSID3020122	train	fold0
DTXSID3020205	train	fold4
DTXSID3020207	train	fold1
DTXSID3020209	train	fold4
DTXSID3020257	train	fold1
DTXSID3020415	test	
DTXSID3020465	train	fold3
DTXSID3020625	test	
DTXSID3020679	test	
DTXSID3020704	train	fold2
DTXSID3020706	train	fold1
DTXSID3020910	test	
DTXSID3020960	train	fold1
DTXSID3020964	train	fold1
DTXSID3021148	train	fold4
DTXSID3021643	test	
DTXSID3021770	train	fold2
DTXSID3022162	train	fold1
DTXSID3022320	train	fold3
DTXSID3022370	test	
DTXSID3022409	train	fold1
DTXSID3022455	train	fold4
DTXSID3022536	train	fold2
DTXSID3022667	test	
DTXSID3023556	train	fold0
DTXSID3023685	train	fold1
DTXSID3023897	train	fold0
DTXSID3023899	train	fold1
DTXSID3024154	train	fold0
DTXSID3024239	train	fold0
DTXSID3024869	train	fold2
DTXSID3025049	train	fold3
DTXSID3025091	train	fold1
DTXSID3025540	train	fold3
DTXSID3025881	train	fold4
DTXSID3026560	train	fold1
DTXSID3026564	train	fold2
DTXSID3026691	test	
DTXSID3026697	train	fold2
DTXSID3026726	test	
DTXSID3027320	train	fold1
DTXSID3027403	test	
DTXSID3029572	train	fold0
DTXSID3029653	test	
DTXSID3031860	test	
DTXSID3031864	test	
DTXSID3032389	test	
DTXSID3032464	train	fold3
DTXSID3032549	train	fold1
DTXSID3032622	train	fold0
DTXSID3032628	train	fold3
DTXSID3032751	train	fold2
DTXSID3033307	train	fold3
DTXSID3034113	test	
DTXSID3034165	train	fold1
DTXSID3034612	train	fold0
DTXSID3034618	train	fold0
DTXSID3034872	train	fold4
DTXSID3035266	train	fold2
DTXSID3036286	test	
DTXSID3036288	test	
DTXSID3036496	test	
DTXSID3037094	train	fold4
DTXSID3037208	train	fold1
DTXSID3037709	test	
DTXSID3037757	test	
DTXSID3038800	train	fold2
DTXSID3038808	test	
DTXSID3038939	test	
DTXSID3040722	test	
DTXSID3040728	train	fold3
DTXSID3040776	test	
DTXSID3041293	train	fold1
DTXSID3041405	train	fold1
DTXSID3041409	train	fold3
DTXSID3041617	train	fold3
DTXSID3041619	train	fold0
DTXSID3041665	train	fold2
DTXSID3041794	train	fold1
DTXSID3042180	train	fold3
DTXSID3042261	train	fold3
DTXSID3042477	train	fold0
DTXSID3042500	train	fold4
DTXSID3042633	train	fold4
DTXSID3044205	train	fold0
DTXSID3044544	train	fold3
DTXSID3044590	train	fold3
DTXSID3044623	test	
DTXSID3044833	train	fold3
DTXSID3044962	train	fold1
DTXSID3044966	train	fold2
DTXSID3047132	test	
DTXSID3047138	train	fold2
DTXSID3047342	train	fold4
DTXSID3047344	train	fold1
DTXSID3047425	train	fold2
DTXSID3047429	test	
DTXSID3047477	test	
DTXSID3047504	train	fold4
DTXSID3047558	train	fold0
DTXSID3047681	test	
DTXSID3047683	train	fold4
DTXSID4020119	train	fold1
DTXSID4020161	train	fold4
DTXSID4020240	test	
DTXSID4020290	train	fold0
DTXSID4020296	train	fold2
DTXSID4020373	train	fold0
DTXSID4020375	train	fold0
DTXSID4020379	test	
DTXSID4020450	train	fold1
DTXSID4020458	train	fold3
DTXSID4020618	train	fold1
DTXSID4020666	test	
DTXSID4020791	train	fold2
DTXSID4020822	train	fold4
DTXSID4020828	train	fold0
DTXSID4020870	train	fold3
DTXSID4020957	train	fold1
DTXSID4021135	train	fold2
DTXSID4021185	test	
DTXSID4021218	test	
DTXSID4021268	train	fold1
DTXSID4021395	train	fold1
DTXSID4021478	test	
DTXSID4021553	test	
DTXSID4021559	train	fold3
DTXSID4021715	train	fold0
DTXSID4021717	train	fold0
DTXSID4021894	test	
DTXSID4021923	test	
DTXSID4021975	train	fold4
DTXSID4021977	train	fold0
DTXSID4022070	train	fold2
DTXSID4022153	test	
DTXSID4022311	test	
DTXSID4022361	train	fold0
DTXSID4022367	train	fold0
DTXSID4022369	train	fold0
DTXSID4022442	train	fold2
DTXSID4022446	train	fold1
DTXSID4022448	train	fold0
DTXSID4022523	train	fold4
DTXSID4022525	train	fold2
DTXSID4022527	train	fold4
DTXSID4022529	train	fold3
DTXSID4022731	train	fold3
DTXSID4022999	train	fold0
DTXSID4023200	train	fold0
DTXSID4023202	train	fold1
DTXSID4023412	train	fold2
DTXSID4024018	train	fold3
DTXSID4024062	train	fold0
DTXSID4024195	train	fold1
DTXSID4024270	train	fold1
DTXSID4024272	train	fold1
DTXSID4024274	train	fold3
DTXSID4024276	train	fold2
DTXSID4024359	train	fold1
DTXSID4026181	train	fold3
DTXSID4026214	train	fold3
DTXSID4026684	train	fold2
DTXSID4027072	train	fold4
DTXSID4027236	train	fold1
DTXSID4027282	train	fold4
DTXSID4027367	test	
DTXSID4027494	train	fold0
DTXSID4027525	train	fold2
DTXSID4027608	train	fold1
DTXSID4027781	train	fold1
DTXSID4029698	test	
DTXSID4031980	train	fold0
DTXSID4032459	test	
DTXSID4032580	train	fold0
DTXSID4032611	test	
DTXSID4032613	train	fold0
DTXSID4032667	train	fold1
DTXSID4034150	train	fold4
DTXSID4034497	train	fold0
DTXSID4034576	train	fold3
DTXSID4034653	train	fold0
DTXSID4034948	train	fold3
DTXSID4035708	train	fold4
DTXSID4038922	train	fold2
DTXSID4040002	train	fold4
DTXSID4040268	train	fold1
DTXSID4040713	train	fold4
DTXSID4040767	train	fold3
DTXSID4041367	train	fold1
DTXSID4041527	train	fold4
DTXSID4041600	train	fold1
DTXSID4041995	train	fold4
DTXSID4042090	test	
DTXSID4042123	test	
DTXSID4042129	train	fold4
DTXSID4042206	train	fold2
DTXSID4042256	train	fold1
DTXSID4042418	test	
DTXSID4042462	test	
DTXSID4044161	test	
DTXSID4044379	test	
DTXSID4044402	test	
DTXSID4044581	train	fold3
DTXSID4044585	test	
DTXSID4044589	train	fold2
DTXSID4044668	train	fold2
DTXSID4044872	train	fold4
DTXSID4044955	train	fold3
DTXSID4047127	train	fold2
DTXSID4047252	train	fold4
DTXSID4047337	train	fold4
DTXSID4047381	train	fold4
DTXSID4047385	train	fold4
DTXSID4047387	train	fold4
DTXSID4047418	train	fold2
DTXSID4047462	train	fold4
DTXSID4047545	train	fold2
DTXSID4047628	test	
DTXSID4047882	train	fold3
DTXSID4048191	train	fold1
DTXSID4048195	train	fold4
DTXSID4048513	train	fold0
DTXSID5020029	test	
DTXSID5020154	train	fold1
DTXSID5020233	train	fold4
DTXSID5020239	train	fold4
DTXSID5020283	train	fold1
DTXSID5020310	train	fold1
DTXSID5020366	test	
DTXSID5020449	train	fold3
DTXSID5020528	train	fold1
DTXSID5020570	train	fold0
DTXSID5020576	test	
DTXSID5020607	train	fold2
DTXSID5020653	train	fold3
DTXSID5020730	train	fold1
DTXSID5020784	train	fold0
DTXSID5020811	test	
DTXSID5020819	train	fold0
DTXSID5020867	train	fold1
DTXSID5020869	train	fold3
DTXSID5021097	train	fold2
DTXSID5021124	train	fold4
DTXSID5021126	train	fold4
DTXSID5021201	train	fold4
DTXSID5021209	train	fold0
DTXSID5021386	train	fold1
DTXSID5021413	train	fold3
DTXSID5021590	train	fold2
DTXSID5021754	train	fold4
DTXSID5021831	train	fold1
DTXSID5021835	train	fold3
DTXSID5022308	test	
DTXSID5022437	train	fold1
DTXSID5022439	train	fold0
DTXSID5022510	train	fold1
DTXSID5023035	train	fold0
DTXSID5023243	train	fold0
DTXSID5023322	test	
DTXSID5023324	train	fold1
DTXSID5023588	test	
DTXSID5023796	train	fold4
DTXSID5023902	train	fold2
DTXSID5023950	train	fold4
DTXSID5024059	train	fold1
DTXSID5024182	test	
DTXSID5024344	test	
DTXSID5024687	train	fold2
DTXSID5024891	train	fold0
DTXSID5025021	train	fold4
DTXSID5025023	train	fold4
DTXSID5025231	train	fold0
DTXSID5025607	train	fold1
DTXSID5025730	train	fold2
DTXSID5025861	train	fold4
DTXSID5026251	train	fold4
DTXSID5026548	train	fold1
DTXSID5026706	train	fold4
DTXSID5027061	train	fold2
DTXSID5027142	train	fold0
DTXSID5027198	train	fold0
DTXSID5027308	train	fold2
DTXSID5027356	train	fold3
DTXSID5027774	train	fold2
DTXSID5029136	train	fold1
DTXSID5029265	train	fold3
DTXSID5031131	train	fold4
DTXSID5032315	train	fold2
DTXSID5032361	test	
DTXSID5032365	train	fold1
DTXSID5032442	train	fold4
DTXSID5032498	train	fold1
DTXSID5032577	train	fold4
DTXSID5033836	train	fold2
DTXSID5034723	train	fold0
DTXSID5034773	train	fold0
DTXSID5034981	train	fold3
DTXSID5035589	test	
DTXSID5035616	train	fold1
DTXSID5035957	train	fold4
DTXSID5037028	test	
DTXSID5037494	train	fold1
DTXSID5037498	train	fold3
DTXSID5037523	train	fold3
DTXSID5037571	train	fold1
DTXSID5037731	train	fold3
DTXSID5037739	train	fold3
DTXSID5038888	train	fold3
DTXSID5040708	train	fold2
DTXSID5041275	train	fold2
DTXSID5041306	train	fold1
DTXSID5041308	train	fold0
DTXSID5041512	train	fold3
DTXSID5041641	train	fold1
DTXSID5041691	train	fold3
DTXSID5041728	train	fold1
DTXSID5041772	train	fold0
DTXSID5041778	train	fold1
DTXSID5041851	train	fold1
DTXSID5042089	test	
DTXSID5042243	train	fold2
DTXSID5042249	train	fold4
DTXSID5042299	train	fold0
DTXSID5042459	train	fold3
DTXSID5044366	test	
DTXSID5044520	train	fold4
DTXSID5044528	train	fold3
DTXSID5044607	train	fold3
DTXSID5044786	train	fold4
DTXSID5044815	train	fold2
DTXSID5044817	train	fold4
DTXSID5044865	test	
DTXSID5044992	train	fold3
DTXSID5047035	test	
DTXSID5047112	test	
DTXSID5047160	test	
DTXSID5047249	train	fold0
DTXSID5047295	train	fold1
DTXSID5047297	train	fold4
DTXSID5047320	train	fold4
DTXSID5047322	train	fold0
DTXSID5047324	train	fold4
DTXSID5047328	train	fold0
DTXSID5047372	train	fold4
DTXSID5047530	train	fold4
DTXSID5048182	train	fold3
DTXSID5048184	test	
DTXSID5048186	train	fold1
DTXSID5048506	train	fold1
DTXSID6020014	train	fold0
DTXSID6020064	train	fold1
DTXSID6020066	train	fold1
DTXSID6020068	train	fold3
DTXSID6020143	train	fold3
DTXSID6020197	train	fold4
DTXSID6020220	train	fold3
DTXSID6020226	test	
DTXSID6020278	train	fold1
DTXSID6020480	test	
DTXSID6020511	train	fold1
DTXSID6020515	test	
DTXSID6020561	test	
DTXSID6020690	train	fold1
DTXSID6020779	train	fold4
DTXSID6021030	train	fold4
DTXSID6021032	train	fold4
DTXSID6021086	test	
DTXSID6021244	train	fold4
DTXSID6021248	train	fold0
DTXSID6021373	train	fold4
DTXSID6021824	train	fold1
DTXSID6021959	train	fold3
DTXSID6022345	train	fold0
DTXSID6022391	test	
DTXSID6022422	train	fold2
DTXSID6022474	test	
DTXSID6023159	train	fold3
DTXSID6023652	train	fold0
DTXSID6023733	train	fold2
DTXSID6023864	train	fold3
DTXSID6023868	train	fold0
DTXSID6024046	train	fold1
DTXSID6024123	train	fold0
DTXSID6024175	train	fold0
DTXSID6024177	test	
DTXSID6024200	train	fold0
DTXSID6024204	train	fold0
DTXSID6024206	test	
DTXSID6024460	train	fold2
DTXSID6024624	train	fold4
DTXSID6024836	test	
DTXSID6024882	train	fold0
DTXSID6024888	train	fold4
DTXSID6024911	test	
DTXSID6024913	test	
DTXSID6024917	test	
DTXSID6025068	train	fold4
DTXSID6025143	train	fold0
DTXSID6025226	train	fold0
DTXSID6025436	train	fold1
DTXSID6027052	train	fold3
DTXSID6027131	train	fold0
DTXSID6027185	test	
DTXSID6027218	train	fold1
DTXSID6027268	test	
DTXSID6027345	train	fold4
DTXSID6027923	train	fold0
DTXSID6028022	train	fold4
DTXSID6031461	train	fold2
DTXSID6032352	train	fold0
DTXSID6032354	train	fold0
DTXSID6032358	train	fold1
DTXSID6032431	train	fold0
DTXSID6032514	train	fold4
DTXSID6032562	train	fold2
DTXSID6032645	train	fold1
DTXSID6032649	train	fold4
DTXSID6034186	test	
DTXSID6034712	train	fold3
DTXSID6034972	train	fold0
DTXSID6035152	train	fold0
DTXSID6035285	train	fold2
DTXSID6035784	train	fold2
DTXSID6036467	train	fold1
DTXSID6037728	train	fold1
DTXSID6038877	train	fold1
DTXSID6040745	train	fold4
DTXSID6040747	test	
DTXSID6041268	train	fold1
DTXSID6041422	test	
DTXSID6041472	train	fold2
DTXSID6041682	train	fold3
DTXSID6041761	train	fold3
DTXSID6041977	train	fold3
DTXSID6042232	train	fold2
DTXSID6043915	test	
DTXSID6044309	train	fold1
DTXSID6044430	train	fold3
DTXSID6044519	train	fold1
DTXSID6044642	train	fold1
DTXSID6044646	train	fold4
DTXSID6046977	train	fold4
DTXSID6046979	train	fold4
DTXSID6047103	test	
DTXSID6047109	train	fold4
DTXSID6047288	train	fold0
DTXSID6047311	train	fold4
DTXSID6047315	train	fold0
DTXSID6047369	train	fold0
DTXSID6047446	train	fold4
DTXSID6047498	train	fold3
DTXSID7020005	test	
DTXSID7020057	train	fold0
DTXSID7020182	train	fold2
DTXSID7020267	test	
DTXSID7020392	train	fold4
DTXSID7020479	test	
DTXSID7020685	test	
DTXSID7020710	train	fold4
DTXSID7020716	train	fold0
DTXSID7020766	train	fold3
DTXSID7020768	test	
DTXSID7020843	train	fold2
DTXSID7020845	test	
DTXSID7020970	train	fold1
DTXSID7020972	train	fold0
DTXSID7021029	train	fold4
DTXSID7021100	train	fold1
DTXSID7021106	train	fold2
DTXSID7021150	train	fold3
DTXSID7021152	train	fold4
DTXSID7021237	train	fold4
DTXSID7021239	train	fold0
DTXSID7021314	train	fold1
DTXSID7021316	train	fold1
DTXSID7021491	train	fold1
DTXSID7021653	test	
DTXSID7021784	train	fold3
DTXSID7021788	train	fold1
DTXSID7021867	train	fold2
DTXSID7021869	train	fold0
DTXSID7021946	test	
DTXSID7021948	train	fold3
DTXSID7022049	train	fold0
DTXSID7022174	train	fold1
DTXSID7022253	train	fold4
DTXSID7022332	train	fold0
DTXSID7022411	train	fold3
DTXSID7022413	train	fold1
DTXSID7022598	train	fold4
DTXSID7022679	train	fold2
DTXSID7023063	train	fold0
DTXSID7023194	train	fold0
DTXSID7023645	train	fold2
DTXSID7023980	train	fold3
DTXSID7024031	test	
DTXSID7024035	train	fold1
DTXSID7024160	train	fold0
DTXSID7024164	train	fold3
DTXSID7024245	train	fold1
DTXSID7024291	train	fold3
DTXSID7024299	train	fold0
DTXSID7024376	train	fold2
DTXSID7024532	train	fold2
DTXSID7024538	train	fold1
DTXSID7024827	train	fold4
DTXSID7024873	train	fold1
DTXSID7024902	train	fold4
DTXSID7025003	train	fold1
DTXSID7025132	train	fold1
DTXSID7025217	train	fold2
DTXSID7025429	train	fold0
DTXSID7025502	test	
DTXSID7025506	train	fold2
DTXSID7025895	train	fold2
DTXSID7026314	train	fold4
DTXSID7026520	train	fold1
DTXSID7026946	test	
DTXSID7026994	train	fold2
DTXSID7027047	train	fold4
DTXSID7027205	test	
DTXSID7027461	train	fold2
DTXSID7027540	train	fold1
DTXSID7027756	train	fold4
DTXSID7027837	train	fold4
DTXSID7028015	test	
DTXSID7028300	train	fold1
DTXSID7029110	train	fold2
DTXSID7029162	train	fold2
DTXSID7029241	train	fold2
DTXSID7029871	train	fold0
DTXSID7029879	train	fold0
DTXSID7029904	test	
DTXSID7030307	train	fold2
DTXSID7030698	test	
DTXSID7031458	train	fold1
DTXSID7032004	train	fold0
DTXSID7032345	train	fold3
DTXSID7034250	train	fold3
DTXSID7034252	train	fold0
DTXSID7034674	train	fold0
DTXSID7034676	train	fold3
DTXSID7034961	train	fold1
DTXSID7037262	test	
DTXSID7037553	train	fold0
DTXSID7037555	train	fold0
DTXSID7037715	train	fold3
DTXSID7037717	train	fold2
DTXSID7038864	train	fold3
DTXSID7040283	train	fold2
DTXSID7040287	train	fold3
DTXSID7040738	train	fold4
DTXSID7040788	train	fold3
DTXSID7040990	train	fold1
DTXSID7041097	train	fold3
DTXSID7041411	train	fold3
DTXSID7041413	train	fold0
DTXSID7041461	train	fold2
DTXSID7041544	train	fold4
DTXSID7041623	train	fold3
DTXSID7041629	train	fold3
DTXSID7041883	train	fold3
DTXSID7041887	test	
DTXSID7041889	train	fold4
DTXSID7041910	train	fold3
DTXSID7041966	train	fold0
DTXSID7042011	train	fold2
DTXSID7042019	train	fold0
DTXSID7042065	test	
DTXSID7042140	train	fold0
DTXSID7042196	train	fold2
DTXSID7042273	train	fold0
DTXSID7044394	train	fold2
DTXSID7044504	train	fold1
DTXSID7044639	train	fold1
DTXSID7044841	train	fold2
DTXSID7044893	train	fold2
DTXSID7044895	train	fold3
DTXSID7047144	train	fold3
DTXSID7047146	train	fold4
DTXSID7047271	train	fold4
DTXSID7047277	train	fold4
DTXSID7047279	train	fold0
DTXSID7047304	train	fold0
DTXSID7047306	train	fold1
DTXSID7047308	train	fold4
DTXSID7047358	train	fold4
DTXSID7047433	train	fold0
DTXSID7047487	test	
DTXSID7047512	test	
DTXSID7047568	train	fold4
DTXSID7047649	train	fold3
DTXSID8020040	test	
DTXSID8020121	test	
DTXSID8020123	train	fold4
DTXSID8020337	train	fold4
DTXSID8020464	test	
DTXSID8020466	train	fold2
DTXSID8020541	train	fold4
DTXSID8020620	train	fold0
DTXSID8020674	train	fold0
DTXSID8020755	train	fold3
DTXSID8020759	train	fold4
DTXSID8020913	train	fold2
DTXSID8020915	train	fold2
DTXSID8020961	train	fold1
DTXSID8020963	train	fold1
DTXSID8021199	train	fold2
DTXSID8021224	train	fold1
DTXSID8021272	test	
DTXSID8021301	train	fold4
DTXSID8021640	train	fold2
DTXSID8021642	train	fold2
DTXSID8021771	train	fold2
DTXSID8021777	train	fold0
DTXSID8021800	train	fold4
DTXSID8021804	train	fold3
DTXSID8022111	train	fold3
DTXSID8022161	train	fold1
DTXSID8022292	train	fold4
DTXSID8022325	train	fold0
DTXSID8022377	train	fold0
DTXSID8022406	train	fold3
DTXSID8022408	train	fold3
DTXSID8022589	train	fold2
DTXSID8022828	train	fold0
DTXSID8022959	train	fold2
DTXSID8023216	train	fold1
DTXSID8023474	train	fold4
DTXSID8023719	train	fold4
DTXSID8023846	test	
DTXSID8023927	train	fold4
DTXSID8024072	train	fold3
DTXSID8024101	train	fold3
DTXSID8024105	train	fold3
DTXSID8024109	train	fold0
DTXSID8024151	train	fold0
DTXSID8024157	train	fold1
DTXSID8024159	train	fold3
DTXSID8024234	train	fold0
DTXSID8024238	train	fold1
DTXSID8024280	train	fold0
DTXSID8024284	train	fold2
DTXSID8024315	train	fold0
DTXSID8024523	test	
DTXSID8025595	test	
DTXSID8025886	train	fold3
DTXSID8026060	train	fold1
DTXSID8026303	train	fold3
DTXSID8026725	train	fold2
DTXSID8026727	test	
DTXSID8026773	test	
DTXSID8027036	test	
DTXSID8027246	test	
DTXSID8027292	test	
DTXSID8027323	train	fold1
DTXSID8027454	train	fold2
DTXSID8027581	train	fold4
DTXSID8027793	train	fold0
DTXSID8027795	train	fold1
DTXSID8029282	train	fold2
DTXSID8029650	train	fold0
DTXSID8029868	train	fold4
DTXSID8031863	test	
DTXSID8031865	test	
DTXSID8033562	train	fold0
DTXSID8033566	test	
DTXSID8034586	train	fold0
DTXSID8034665	train	fold3
DTXSID8035001	train	fold2
DTXSID8035180	train	fold4
DTXSID8037706	test	
DTXSID8037708	test	
DTXSID8037752	train	fold3
DTXSID8037754	test	
DTXSID8038801	train	fold4
DTXSID8038857	train	fold3
DTXSID8040270	train	fold1
DTXSID8040278	train	fold0
DTXSID8040721	train	fold2
DTXSID8040725	train	fold3
DTXSID8041242	train	fold3
DTXSID8041248	train	fold3
DTXSID8041379	train	fold3
DTXSID8041610	test	
DTXSID8042137	train	fold3
DTXSID8042260	train	fold0
DTXSID8042264	test	
DTXSID8042399	train	fold4
DTXSID8042478	train	fold1
DTXSID8042509	train	fold3
DTXSID8043941	test	
DTXSID8044200	train	fold2
DTXSID8044337	train	fold4
DTXSID8044381	train	fold1
DTXSID8044545	train	fold2
DTXSID8044549	test	
DTXSID8044593	train	fold4
DTXSID8044836	train	fold3
DTXSID8044913	train	fold2
DTXSID8044915	train	fold0
DTXSID8047183	train	fold2
DTXSID8047185	train	fold3
DTXSID8047187	train	fold2
DTXSID8047264	train	fold4
DTXSID8047268	train	fold3
DTXSID8047347	train	fold4
DTXSID8047349	train	fold4
DTXSID8047476	train	fold4
DTXSID8047505	train	fold1
DTXSID8047553	test	
DTXSID8047890	train	fold2
DTXSID9020112	train	fold1
DTXSID9020114	train	fold3
DTXSID9020160	train	fold4
DTXSID9020243	train	fold0
DTXSID9020247	train	fold2
DTXSID9020293	train	fold3
DTXSID9020295	train	fold2
DTXSID9020299	train	fold1
DTXSID9020372	train	fold0
DTXSID9020374	train	fold1
DTXSID9020407	train	fold3
DTXSID9020409	train	fold2
DTXSID9020451	train	fold2
DTXSID9020453	test	
DTXSID9020582	train	fold4
DTXSID9020617	train	fold1
DTXSID9020663	test	
DTXSID9020740	train	fold1
DTXSID9020790	train	fold2
DTXSID9020792	train	fold0
DTXSID9020827	train	fold0
DTXSID9020958	train	fold1
DTXSID9021138	train	fold2
DTXSID9021342	train	fold1
DTXSID9021344	train	fold2
DTXSID9021390	test	
DTXSID9021427	test	
DTXSID9021554	train	fold2
DTXSID9021639	test	
DTXSID9021764	test	
DTXSID9021928	test	
DTXSID9022100	train	fold2
DTXSID9022310	test	
DTXSID9022312	train	fold2
DTXSID9022360	train	fold2
DTXSID9022364	test	
DTXSID9022366	train	fold0
DTXSID9022445	train	fold1
DTXSID9022522	train	fold4
DTXSID9022526	train	fold3
DTXSID9022528	train	fold3
DTXSID9022607	train	fold0
DTXSID9023380	test	
DTXSID9023889	train	fold1
DTXSID9024063	train	fold0
DTXSID9024431	test	
DTXSID9024691	train	fold3
DTXSID9024772	train	fold1
DTXSID9024930	train	fold1
DTXSID9024986	train	fold1
DTXSID9025035	test	
DTXSID9025110	train	fold2
DTXSID9025164	train	fold2
DTXSID9025401	test	
DTXSID9025453	train	fold2
DTXSID9026261	train	fold3
DTXSID9026265	train	fold2
DTXSID9026500	train	fold2
DTXSID9026974	train	fold2
DTXSID9027314	test	
DTXSID9027522	train	fold2
DTXSID9027863	train	fold4
DTXSID9029146	test	
DTXSID9029649	train	fold1
DTXSID9032327	train	fold3
DTXSID9032329	train	fold1
DTXSID9032531	train	fold0
DTXSID9032533	train	fold1
DTXSID9032537	test	
DTXSID9032589	test	
DTXSID9033058	train	fold0
DTXSID9033187	train	fold4
DTXSID9033923	train	fold0
DTXSID9034232	train	fold1
DTXSID9034492	train	fold1
DTXSID9034573	train	fold3
DTXSID9034816	train	fold3
DTXSID9034818	train	fold0
DTXSID9034997	test	
DTXSID9035204	train	fold2
DTXSID9036515	test	
DTXSID9037539	test	
DTXSID9037749	train	fold3
DTXSID9040001	train	fold4
DTXSID9040265	train	fold1
DTXSID9040269	train	fold1
DTXSID9040683	test	
DTXSID9040712	test	
DTXSID9040716	train	fold2
DTXSID9040760	train	fold0
DTXSID9041289	test	
DTXSID9041524	train	fold1
DTXSID9042124	test	
DTXSID9042203	train	fold1
DTXSID9042209	test	
DTXSID9044164	train	fold2
DTXSID9044322	test	
DTXSID9044613	test	
DTXSID9044615	test	
DTXSID9044796	test	
DTXSID9044821	train	fold3
DTXSID9044825	train	fold2
DTXSID9044950	train	fold1
DTXSID9046992	train	fold4
DTXSID9047253	train	fold4
DTXSID9047257	train	fold4
DTXSID9047330	train	fold1
DTXSID9047334	train	fold4
DTXSID9047338	train	fold1
DTXSID9047540	train	fold3
DTXSID9047542	train	fold0
DTXSID9047592	train	fold2
DTXSID9047594	train	fold2
DTXSID9047598	train	fold1
DTXSID9047629	train	fold2
DTXSID9047679	train	fold2
DTXSID9048194	train	fold3
DTXSID9048196	train	fold2
